OBAGB002-EVS41   ;page 006   ;05 pieces   ;produit n 1
OBAGB206-EVS00   ;page 007   ;04 pieces   ;produit n 1
OBAGZ503-ECSF5   ;page 008   ;05 pieces   ;produit n 1
HLESGC00-ROS00   ;page 012   ;03 pieces   ;produit n 1
SHOUC006-MTS01   ;page 013   ;01 pieces   ;produit n 1
SHOUX000-ECS07   ;page 014   ;05 pieces   ;produit n 1
OBAGA000-ECS42   ;page 015   ;04 pieces   ;produit n 1
OBAGA000-ECS07   ;page 015   ;01 pieces   ;produit n 2
OBAGS002-TES01   ;page 018   ;05 pieces   ;produit n 1
OBAGP006-ECSF7   ;page 022   ;04 pieces   ;produit n 1
OCLKD001-MESF3   ;page 026   ;02 pieces   ;produit n 1
OCLKD001-MES08   ;page 026   ;02 pieces   ;produit n 2
OCLKS007-SIS01   ;page 028   ;05 pieces   ;produit n 1
ACCEP001-ECSF6   ;page 032   ;04 pieces   ;produit n 1
ACCEO118-MAS45   ;page 033   ;05 pieces   ;produit n 2
