Inconnu;13 items=13 ; HLESX800-ECS00-158 HLESX200-ECS00-158 HLESX200-ECS00-221 OCLKS007 SIS01-Mod√®le-133-S OBAGK400-CAS03-227 OBAGK400-CAS03-227 OBAGK400-CAS03-227 OBAGK400-CAS03-227 OBAGK400-CAS03-227 OBAGK400-CAS03-227 OBAGK700-TESI8-008-M OBAGK700-TESI8-008-M OBAGK700-TESI8-008-M;page inconnue
fall 2018 presentation/catalogo 2018 continuativo.txt;14 items=3 6 5 ; HLESX200-ECS00-028 HLESX200-ECS00-084 HLESX200-ECS00-084 HLESX800-ECS00-028 HLESX800-ECS00-008 HLESX800-ECS00-009 HLESX800-ECS00-084 HLESX800-ECS00-008 HLESX800-ECS00-084 OCLKS007-SIS01-008-S OCLKS007-SIS01-071-S OCLKS007-SIS01-059-S OCLKS007-SIS01-041-S OCLKS007-SIS01-086-S;16,18,50
fall 2018 presentation/catalogo fall 2018.txt;1 item=1 ; OCLKS007-SIS01-053-S;153
fall 2019 presentation_/catalogo continuativo fall 19.txt;11 items=2 5 4 ; HLESX200-ECS00-028 HLESX200-ECS00-084 OCLKS007-SIS01-008-S OCLKS007-SIS01-041-S OCLKS007-SIS01-059-S OCLKS007-SIS01-071-S OCLKS007-SIS01-086-S HLESX800-ECS00-008 HLESX800-ECS00-009 HLESX800-ECS00-028 HLESX800-ECS00-084;15,36,171
fall 2019 presentation_/catalogo fall 19.txt;1 item=1 ; OCLKS007-SIS01-053-S;161
spring 2018 presentation/catalogo spring 2018 continuativo.txt;8 items=3 5 ; HLESX200-ECS00-028 HLESX200-ECS00-084 HLESX200-ECS00-084 OCLKS007-SIS01-008-S OCLKS007-SIS01-071-S OCLKS007-SIS01-059-S OCLKS007-SIS01-041-S OCLKS007-SIS01-086-S;14,50
spring 2018 presentation/catalogo spring 2018.txt;2 items=1 1 ; OBAGB002-EVS00-484 OCLKS007-SIS01-053-S;6,179
spring 2019 presentation/catalogo Continuativo_Spring_19.txt;11 items=2 4 5 ; HLESX200-ECS00-028 HLESX200-ECS00-084 HLESX800-ECS00-008 HLESX800-ECS00-009 HLESX800-ECS00-028 HLESX800-ECS00-084 OCLKS007-SIS01-008-S OCLKS007-SIS01-041-S OCLKS007-SIS01-059-S OCLKS007-SIS01-071-S OCLKS007-SIS01-086-S;19,21,46
spring 2019 presentation/catalogo Spring 19 continuativo.txt;14 items=3 6 5 ; HLESX200-ECS00-028 HLESX200-ECS00-084 HLESX200-ECS00-084 HLESX800-ECS00-028 HLESX800-ECS00-008 HLESX800-ECS00-009 HLESX800-ECS00-084 HLESX800-ECS00-008 HLESX800-ECS00-084 OCLKS007-SIS01-008-S OCLKS007-SIS01-071-S OCLKS007-SIS01-059-S OCLKS007-SIS01-041-S OCLKS007-SIS01-086-S;16,18,50
spring 2019 presentation/catalogo Spring 19.txt;1 item=1 ; OCLKS007-SIS01-053-S;121
summer 2018 presentation/catalogo beach 2018.txt;1 item=1 ; OBAGB002-EVS00-484;7
summer 2018 presentation/catalogo summer 2018 continuativo.txt;14 items=3 6 5 ; HLESX200-ECS00-028 HLESX200-ECS00-084 HLESX200-ECS00-084 HLESX800-ECS00-028 HLESX800-ECS00-008 HLESX800-ECS00-009 HLESX800-ECS00-084 HLESX800-ECS00-008 HLESX800-ECS00-084 OCLKS007-SIS01-008-S OCLKS007-SIS01-071-S OCLKS007-SIS01-059-S OCLKS007-SIS01-041-S OCLKS007-SIS01-086-S;18,20,64
summer 2018 presentation/catalogo summer 2018.txt;1 item=1 ; OCLKS007-SIS01-053-S;161
summer 2018 presentation/catalogo xmas 2017.txt;1 item=1 ; OCLKS007-SIS01-008-S;30
summer 2019 presentation/catalogo summer 2019 continuativo.txt;11 items=2 4 5 ; HLESX200-ECS00-028 HLESX200-ECS00-084 HLESX800-ECS00-008 HLESX800-ECS00-009 HLESX800-ECS00-028 HLESX800-ECS00-084 OCLKS007-SIS01-008-S OCLKS007-SIS01-041-S OCLKS007-SIS01-059-S OCLKS007-SIS01-071-S OCLKS007-SIS01-086-S;17,19,38
summer 2019 presentation/catalogo summer_beach 2019.txt;1 item=1 ; OCLKS007-SIS01-053-S;164
winter 2018 presentation/catalogo winter 18 continuativo.txt;14 items=3 6 5 ; HLESX200-ECS00-028 HLESX200-ECS00-084 HLESX200-ECS00-084 HLESX800-ECS00-028 HLESX800-ECS00-008 HLESX800-ECS00-009 HLESX800-ECS00-084 HLESX800-ECS00-008 HLESX800-ECS00-084 OCLKS007-SIS01-008-S OCLKS007-SIS01-071-S OCLKS007-SIS01-059-S OCLKS007-SIS01-041-S OCLKS007-SIS01-086-S;16,18,50
winter 2018 presentation/catalogo winter 18.txt;1 item=1 ; OCLKS007-SIS01-053-S;144
