009;006;OBAGB034-EVS00-071;O bag fall 19;p013-1-05;CORPS O BAG GLAM EVA COMPOUND;UNICA
009;006;OBAGB034-EVS00-071;O bag fall 2018;p013-1-09;CORPS O BAG GLAM EVA COMPOUND;UNICA
016;007;SHOUX101-ECS00-018;O bag fall 2018;p037-1-07;BANDOULIÃˆRE EXTRASLIM 110 + ANSES TUBULAIRES + CLIP FAUX CUIR;UNICA
012;015;OBAGS001-TESR1-258;O bag fall 2018;p080-1-01;POCHETTE INTERIEURE FERMETURE ECLAIR O BAG EN TISSU COTTON CORDUROY;UNICA
011;014;OBAGS001-TESR1-018;O bag fall 2018;p080-1-03;POCHETTE INTERIEURE FERMETURE ECLAIR O BAG EN TISSU COTTON CORDUROY;UNICA
014;012;OBAGS002-TESR1-086;O bag fall 2018;p083-1-03;POCHETTE INTERIEURE FERMETURE ECLAIR O BAG MINI EN TISSU COTTON CORDUROY;UNICA
013;010;OBAGS002-TESR1-018;O bag fall 2018;p083-1-04;POCHETTE INTERIEURE FERMETURE ECLAIR O BAG MINI EN TISSU COTTON CORDUROY;UNICA
015;011;OBAGS002-TESR1-258;O bag fall 2018;p083-1-05;POCHETTE INTERIEURE FERMETURE ECLAIR O BAG MINI EN TISSU COTTON CORDUROY;UNICA
009;006;OBAGB034-EVS00-071;O bag summer '19;p020-1-04;CORPS O BAG GLAM EVA COMPOUND;UNICA
009;006;OBAGB034-EVS00-071;O bag winter 2018;p018-1-08;CORPS O BAG GLAM EVA COMPOUND;UNICA
008;013;OBAGB034-EVS00-024;O bag winter 2018;p019-1-04;CORPS O BAG GLAM EVA COMPOUND;UNICA
010;004;OBAGB206-EVS00-024;O bag winter 2018;p020-1-10;CORPS INFERIEUR O POCKET EVA COMPOUND;UNICA
001;001;HLESCE01-ECS07-133;O bag winter 2018;p034-2-03;ANSES DOUBLE CHAINE EN Â"Â TÂ Â" EN FAUX CUIR EFFET GRIFFE;UNICA
016;007;SHOUX101-ECS00-018;O bag winter 2018;p040-1-08;BANDOULIÃˆRE EXTRASLIM 110 + ANSES TUBULAIRES + CLIP FAUX CUIR;UNICA
013;010;OBAGS002-TESR1-018;O bag winter 2018;p081-1-01;POCHETTE INTERIEURE FERMETURE ECLAIR O BAG MINI EN TISSU COTTON CORDUROY;UNICA
014;012;OBAGS002-TESR1-086;O bag winter 2018;p081-1-03;POCHETTE INTERIEURE FERMETURE ECLAIR O BAG MINI EN TISSU COTTON CORDUROY;UNICA
015;011;OBAGS002-TESR1-258;O bag winter 2018;p081-1-04;POCHETTE INTERIEURE FERMETURE ECLAIR O BAG MINI EN TISSU COTTON CORDUROY;UNICA
